{"cameraMode":{"drawMode":0,"name":"Shaded","section":"Shading Mode"},"sceneLighting":false,"audioPlay":false,"sceneViewState":{"showFog":true,"showMaterialUpdate":false,"showSkybox":false,"showFlares":true,"showImageEffects":true,"showParticleSystems":true},"in2DMode":false,"pivot":{"x":-0.020936250686645509,"y":0.18366305530071259,"z":-0.0025836490094661714},"rotation":{"x":-0.2945805788040161,"y":0.5875173211097717,"z":-0.24253253638744355,"w":-0.7135993242263794},"size":0.23502720892429353,"orthographic":false}