{"cameraMode":{"drawMode":0,"name":"Shaded","section":"Shading Mode"},"sceneLighting":false,"audioPlay":false,"sceneViewState":{"showFog":true,"showMaterialUpdate":false,"showSkybox":false,"showFlares":true,"showImageEffects":true,"showParticleSystems":true},"in2DMode":false,"pivot":{"x":-1.0237300395965577,"y":5.828275680541992,"z":-2.3684146404266359},"rotation":{"x":0.008290208876132965,"y":0.9858184456825256,"z":-0.15959665179252625,"w":0.051208022981882098},"size":8.587504386901856,"orthographic":false}