{"cameraMode":{"drawMode":0,"name":"Shaded","section":"Shading Mode"},"sceneLighting":false,"audioPlay":false,"sceneViewState":{"showFog":true,"showMaterialUpdate":false,"showSkybox":false,"showFlares":true,"showImageEffects":true,"showParticleSystems":true},"in2DMode":false,"pivot":{"x":-0.003764525055885315,"y":0.22385069727897645,"z":0.05278138071298599},"rotation":{"x":-0.28342270851135256,"y":0.6063269972801209,"z":-0.24499140679836274,"w":-0.7014400959014893},"size":0.2789268493652344,"orthographic":false}