{"cameraMode":{"drawMode":0,"name":"Shaded","section":"Shading Mode"},"sceneLighting":false,"audioPlay":false,"sceneViewState":{"showFog":true,"showMaterialUpdate":false,"showSkybox":false,"showFlares":true,"showImageEffects":true,"showParticleSystems":true},"in2DMode":false,"pivot":{"x":-4.1067962646484379,"y":0.8051202297210693,"z":-3.5092275142669679},"rotation":{"x":0.03564916551113129,"y":0.9281221628189087,"z":-0.09218551963567734,"w":0.35891714692115786},"size":0.6684814691543579,"orthographic":false}