{"cameraMode":{"drawMode":0,"name":"Shaded","section":"Shading Mode"},"sceneLighting":false,"audioPlay":false,"sceneViewState":{"showFog":true,"showMaterialUpdate":false,"showSkybox":false,"showFlares":true,"showImageEffects":true,"showParticleSystems":true},"in2DMode":false,"pivot":{"x":-0.009118758141994477,"y":0.14687049388885499,"z":-0.0024109631776809694},"rotation":{"x":-0.28342270851135256,"y":0.6063269972801209,"z":-0.24499140679836274,"w":-0.7014400959014893},"size":0.17954634130001069,"orthographic":false}