{"cameraMode":{"drawMode":0,"name":"Shaded","section":"Shading Mode"},"sceneLighting":true,"audioPlay":false,"sceneViewState":{"showFog":true,"showMaterialUpdate":false,"showSkybox":false,"showFlares":true,"showImageEffects":true,"showParticleSystems":true},"in2DMode":false,"pivot":{"x":-10.125075340270996,"y":6.150482177734375,"z":53.193904876708987},"rotation":{"x":-0.03944490849971771,"y":0.14842252433300019,"z":-0.00592494010925293,"w":-0.9881202578544617},"size":2.1662354469299318,"orthographic":false}