{"cameraMode":{"drawMode":0,"name":"Shaded","section":"Shading Mode"},"sceneLighting":true,"audioPlay":false,"sceneViewState":{"showFog":true,"showMaterialUpdate":false,"showSkybox":false,"showFlares":true,"showImageEffects":true,"showParticleSystems":true},"in2DMode":false,"pivot":{"x":-12.527835845947266,"y":12.546849250793457,"z":46.63371276855469},"rotation":{"x":-0.03233287110924721,"y":0.06052352115511894,"z":-0.0019615653436630966,"w":-0.997641921043396},"size":13.215547561645508,"orthographic":false}