{"cameraMode":{"drawMode":0,"name":"Shaded","section":"Shading Mode"},"sceneLighting":false,"audioPlay":false,"sceneViewState":{"showFog":true,"showMaterialUpdate":false,"showSkybox":false,"showFlares":true,"showImageEffects":true,"showParticleSystems":true},"in2DMode":false,"pivot":{"x":341.150390625,"y":309.99603271484377,"z":9.02349853515625},"rotation":{"x":0.0045473272912204269,"y":0.9954504370689392,"z":-0.06879528611898422,"w":0.06579522043466568},"size":388.2889099121094,"orthographic":false}