{"cameraMode":{"drawMode":0,"name":"Shaded","section":"Shading Mode"},"sceneLighting":false,"audioPlay":false,"sceneViewState":{"showFog":true,"showMaterialUpdate":false,"showSkybox":false,"showFlares":true,"showImageEffects":true,"showParticleSystems":true},"in2DMode":false,"pivot":{"x":-0.0037626028060913088,"y":-0.12178799510002136,"z":0.022491872310638429},"rotation":{"x":-0.10410600900650025,"y":-0.4975737929344177,"z":-0.0603022500872612,"w":0.859041154384613},"size":0.6422616243362427,"orthographic":false}